Name;Relatiecode
L - REYCKMANS I;G303
IMMO TOP INVEST BVBA;000009
JAN STAS IMMOBILI�N BVBA;000011
Gerlachestraat 12;000087
B&R Construct NV;000100
Claire;000108
Dahlia;000109
Vereniging van mede-eigenaars van de Residentie Brannekes te 2230 Herselt, Blaubergsesteenweg 11-13;000112
Jack;0000114
De Blijde;000134
VME - Vogelensanck te Leuven (Kessel-Lo), Koning Albertlaan 72/76;000142
VME Residentie Binnenhof Uitbreiding te Leuven, Justus Lipsiusstraat 36/40 voorheen 22/26;000143
Consortium;000147
Vereniging van Mede-eigenaars Residentie Consortium te 3500 Hasselt, Kunstlaan 8;000147
Helstraat 4-;H073
Chopin;000149
TILLINVEST;000150
Vereniging van mede-eigenaars van het gebouw Residentie Park-Lane te 3020 Herent, Mechelsesteenweg 374-380;000151
*E* - REGENT;R317
*E* - SOLLEVELDEN 65 - 67;R310
Bert Schoofs Advocaat;000177
Vereniging van Mede-eigenaars Residentie Jef Denijn;000184
Daelhof;000192
CALLANT VERZEKERINGEN KEMPEN NV;000193
Hendrickx Leo;000194
QALIBRATE BVBA;000196
Moto Geel;000197
VDV BVBA;000198
VME Residentie MI CASA te Herent, Mechelsesteenweg 550;000200
Oudebaan;000201
Heylen Bouwonderneming BVBA;000204
Luts Ivo;000205
Laenen Niels;000206
MATEXI PROJECTS NV;000207
Stefanie Anthonis;000208
Wijkmolen (000509);000209
Parkeergarage De Smisse;000211
De Pastorij Hulst (000132);000212
Aan de Kerk Fase I (000012);D001
Aan de Kerk Parkings (000013);D002
Aan de Markt (000014);D003
Aleidis (000021);D004
Allerheiligenberg 3 (000022);D005
Atrium (000035);D006
Bartham (000038);D007
Begijnenstraat 44 (000041);D008
Bevrijdingsstraat 35 (000047);D009
Binnenhof (000048);D010
Brabantshof (000060);D011
Canterbury (000066);D012
Daan (000084);D013
De Beek (000089);D014
De Beuk (Ham) (000090);D015
De Biest (000091);D016
De Bleek fase 1 (000093);D017
De Bleek fase 2 (000094);D018
De Bleek fase 3 (000095);D019
De Eest (000107);D020
Anemoon (000027);D021
De Keyzer (000115);D022
De Loften (000123);D023
De Mouterij (000127);D024
Demertoren;D025
VERENIGING VAN MEDE-EIGENAARS RESIDENTIE DEMERTOREN TE 3290 DIEST, LOOIERIJSTRAAT 2-4;D025
Demerhof;D026
Demerhof (000158);D026
Demerpoort;D027
Residentie Demerpoort;D027
Eersels 127-129 (000182);D028
Eersels 143-145 (000183);D029
Iris (000247);D030
Engsbergen (000192);D031
Franklin (000202);D032
Gulden Kruis (000215);D033
Het Cerckel (000234);D034
Parkresidentie (000369);D035
Kranenburgstraat (000282);D038
La Patrie (000286);D039
Leopoldvest (000299);D040
Loranne (000306);D041
Nieuwe Demer (000341);D042
Orange (000352);D043
Oranjestraat (000353);D044
Jubil� (000252);D045
Oude Koffiebranderij (JAVA) (000355);D046
Panoven (000363);D047
Parelsberg (000365);D048
Delle Heide (000157);D050
Koninkshoek (000279);D051
Solferino A-B (000424);D052
Sport en Park (000431);D053
Statiehof (000434);D054
Statiestraat 15 � 17 (000435);D055
Statiestraat 15 - 17 (000435);D055
Stationsstraat-Eersels (000436);D056
Stationsstraat - Eersels (000436);D056
Sint-Jan I (Diest) (000418);D057
t Bergske (000442);D058
t Dorp (Markt 1) (000443);D059
t Kroontje, Beverlo (000444);D060
't Schereyn (000009);D061
Ter Eekt (000448);D062
Ter Eekt - Aleidis (parkings) (000449);D063
Valleilaan 79 (000465);D064
Demerpatio (000844);D065
Wederbroek (000506);D066
Solferino II (000425);D067
Commissaris Neyskenslaan (000079);D068
Eikelenberg (000184);D069
De Fontein (000108);D070
Magister (000314);D071
Stationsstraat 50 (000437);D072
FRAN (000201);D073
't Vilveldje (000488);D074
't Poorthuys II (000008);D075
't Poorthuys I (000007);D076
't Park (000005);D077
Sluisbamd (000423);D078
Guido Gezellestraat 11 (000594);D079
Aquarius (000030);D081
Kapelstraat 9-11 (000259);D082
Heidebloem (000226);D083
Gulden Bodem (000214);D084
Figueira (000197);D085
Leyndecker (000302);D086
De Voer (000151);D087
Schoonaerde (000403);D088
Schoonberg (000404);D089
Service Residentie Ezeldijk (000410);D090
Drieharingenstraat (000174);D091
De Koorgalmen (000116);D092
Palmboom (000361);D093
Ernest Claesstraat 2 (000194);D094
De Balie (000088);D095
Kaggevinne II (000256);D096
Demerparking (000159);D097
Demerzicht (000160);D098
Overveld A (000356);D099
Overveld B - C (000357);D100
Overveld D (000358);D101
Leesthof Ezeldijk Site (000295);D102
Binnenhof Ezeldijk Site (000049);D103
De Pastorij (Schaffen) (000575);D104
Sonuwe (000430);D105
Kolmen (000278);D106
Malpertuus (000316);D107
Basiliek (000039);D108
't Cleyn Begijnhof (000673);D109
Maurus (000323);D110
De Ru�ne (000140);D111
Vereniging van Mede-eigenaars Gebouw Ruine te Diest, Sint Jansveld;D111
Begijnenstraat 60 (000042);D112
Schuurmansbos (000590);D113
Spanseel (000609);D114
Smissevelde. (000618);D115
Demerwoningen (000631);D116
Oude Robyns (000628);D117
Nieuwe Kade (000639);D118
Schoenmaker Parking (000625);D119
Eikelplein 32-34 (000634);D120
Het Dorp (Markt 7) (000635);D121
Park Assent (000704);D122
Park Assent;D122
Kluisberg (000669);D123
Heeren van Diest (000689);D124
Minerva Nova (000701);D125
Minerva Nova;D125
Watersnip Hoofdvereniging;D126
(HOOFD)VERENIGING VAN MEDE-EIGENAARS RESIDENTIE WATERSNIP TE DIEST SCHALUINVELD 29-31-33-35;D126
Watersnip - Villa Riet (blok A);D127
Watersnip - Villa Oever (blok B);D128
Watersnip - Villa Water (blok C);D129
Watersnip - Villa Snip (blok D);D130
L - TELESTO;G001
T- MISPAD;G002
R - XANTENSTRAAT 40;G003
Xantenstraat 40;G003
R - LUNA;G005
T- DE SMIDSE;G006
De Smidse;G006
R - DE PASTORIE LAAKDAL;G008
De Pastorie Laakdal;G008
R - STATION;G009
L - 't HOEKSKE;G010
t Hoekske;G010
L - DE SPIEGEL;G011
De Spiegel;G011
R - DE SPIEGEL;G011
L - 't WOUWT;G012
R - 't WOUWT;G012
V - MEULEVELDHOEK;G013
V - MOESTOEMAATHEIDE;G014
Moestoemaatheide;G014
R - VELODROOMSTRAAT;G015
L - PYRAMIDYS;G016
L - LAVENDELHEIDE;G017
R - ELSUM 3;G018
R - DR VANDEPERRESTRAAT;G019
T - BORIS;G020
T- DE KROON OEVEL;G021
De Kroon Oevel;G021
L - STATIONSSTRAAT 37;G022
Stationsstraat 37;G022
L - ESAERT;G023
L - MARQUIS;G024
Marquis;G024
L - 't POORTHUYS;G025
R - 't POORTHUYS;G025
R - PLATINA;G026
Platina;G026
R - DE KROON;G027
L - GASTHOF;G028
Gasthof;G028
L - TER BEEMDEN;G029
Ter Beemden;G029
T- PROCESSIESTRAAT 17-19;G030
Processiestraat 17-19;G030
T- WESTELHOF;G031
Westelhof;G031
R - ELSUM 16;G032
L - AGAPANTHUS;G033
Agapanthus;G033
T- 't VELD;G034
L - REN;G035
Ren;G035
L - 't LAAR;G036
R - DE DREEF;G037
T- VIOLET;G038
L - FITNESS;G039
Fitness;G039
R- FITNESS;G039
R - HET LAAR II;G040
R - HET GROENE EILAND;G041
R - RECTOR DE RAMSTRAAT  2;G042
Rector de Ramstraat 2;G042
V- LIERSVELD;G043
Liersveld;G043
L - KABIENSTRAAT;G044
R - KABIENSTRAAT;G044
R - GUESTHOUSE;G045
L - LOOZE;G046
R - HET HEIKE;G047
T- JADE;G048
R - VILLA GASTHOF;G049
Villa Gasthof;G049
R - LERM;G052
R- TECHNISCHE SCHOOLSTRAAT;G053
Technische Schoolstraat 27-29;G053
T- DEN ACHTERSTEN MEY;G054
Den Achterste Mey;G054
L - DORP 38;G057
T- GEELVINK;G058
Geelvink;G058
R - DE RASOP;G059
L - HULSTERPARK;G060
Hulsterpark;G060
R - DE GROENE EIKEN;G061
L - PORTUS;G063
L - HET CENTRUM;G064
L - LAAR 71;G065
R - DE PASTORIE - GEEL;G066
R - ROOSENDAEL;G067
T- NEERSTRAAT 53;G069
V - ASTRIDLAAN 23;G070
R - FEHRENBACHSTRAAT 31-45;G071
L - GROTE MARKT 34;G072
T- GESTELSESTEENWEG 141;G073
L - STATIONSSTRAAT 33-35;G074
L - MOLENHOF;G077
L - PAS 127-129 (DE PAS);G078
L- LAARSHOEK;G079
L - DE BIST;G080
R - BELFAST;G081
T- D'OASE;G083
D'oase;G083
T- AUGUSTIJNENHOF;G084
Augustijnenhof;G084
L - UNIZO;G085
Unizo;G085
T- DE WERFT;G086
De Werft;G086
L - GERHAGEN;G088
T- DE STEEN;G090
L - DEUN;G091
Deun;G091
T- ZAMMELSEWEG 193;G092
V- TER DONK;G093
L - PAS 71/77 (CADOT);G094
T- SINT MARTINUS;G095
Sint Martinus;G095
L - EBENORA;G096
Ebenora;G096
T- DE KRUIER;G097
R - BEDRIJVENPARK WINKELOM;G098
Bedrijvenpark Winkelom;G098
L - BRESSERDIJK  11-13;G117
R - DE SCHUUR;G118
De Schuur;G118
L - NOTENLAER;G119
Notenlaer;G119
R - TER SMIDSE;G120
R - KABIENE;G122
R - WAAIBURG;G124
L - PROJECT PATERSBOS;G129
Project Patersbos;G129
L - STATIONSSTRAAT 159 - GEEL;G130
L - RESIDENCIA ARRIBA;G131
T- DE MUS;G132
L - TEN BOSSE;G134
L - DE MOLDER;G135
T- LIERSE STEENWEG 26;G136
R - HELDENHOF;G137
R - HOEK VIOLETSTRAAT - ELSUM;G139
R - 't ANKER;G140
L - PAS 86-92A;G141
Pas 86-92A;G141
R - MARBER;G143
T- HET PARKHOF;G144
Het Parkhof;G144
T- DE KASTELEIN;G145
L - CAROLUS;G148
V - HERENTHOUTSEWEG 59-61;G149
L - MILLE;G154
L - PLEKIJZER;G155
L - BRESSERDIJK 17 (Vilma);G157
T - ELEGANCE;G158
Elegance;G158
L - JADE 2;G159
L - 't PUNT;G162
t Punt;G162
L - ESMOREIT;G163
R - ESMOREIT;G163
L - COOLS;G167
L - GROENVELD;G168
Groenveld;G168
R - DE BURCHT;G170
E - DE LOFT;G171
De Loft;G171
L - BOVENRIJ 48;G173
E - DR VANDEPERREHOF;G174
DR Vandeperrehof;G174
L - ROEPERSTRAATJE 1-7;G175
L - MIDDENSTAND;G176
L - WAAIBURG 44-46;G177
Waaiburg 44-46;G177
L - HOOGLAND;G178
R - HOOGLAND;G178
L - BEDRIJVENCENTRUM SAS 8;G181
R- BEDRIJVENCENTRUM SAS 8;G181
L - KLOOSTERSTRAAT 11;G182
T- KOOLMIJNLAAN 344;G183
Koolmijnlaan 344;G183
T- HET WOONHOF BLOK 1;G184
Het Woonhof Blok 1;G184
T- HET WOONHOF BLOK 2;G185
T- HET WOONHOF BLOK 3 A;G186
T- HET WOONHOF BLOK 3 B;G187
T- HET WOONHOF BLOK 3 C;G188
T- SOERLE PLUS;G189
L - QUADRANT;G190
T- ZILVERDORP;G191
L - VEERLESEWEG;G192
R - VEERLESEWEG;G192
L - FRAIKINSTRAAT 10-12;G193
Fraikinstraat 10-12;G193
V- BEDRIJFSUNITS HEZEMEER;G194
L - GEREBERNUS;G196
L - ALEIDIS;G198
R- ALEIDIS;G198
T- VELDHOVEN;G199
T- AMANDUS;G200
T- MARKTZICHT;G201
T- OSSESTRAAT;G202
T- SINT PIETER HERENTHOUT;G203
T- PALLO 2020;G204
T- VELODROOM;G205
Velodroom;G205
E - VENNEHOF;G206
Vennehof;G206
V - VISPLUK 17 VORSELAAR;G207
*T* - KORENVELD;G208
Korenveld;G208
T - KORENVELD;G208
T- OP 'T HOOGZAND;G209
Op't Hoogzand;G209
L - GALBERGEN;G210
Galbergen;G210
L - THOMAS;G212
T- HANNAH;G217
Hannah;G217
T- LEBON;G219
T- SMIDJE SMEE;G221
L - VOGELZANG;G223
Vogelzang;G223
L - MODEST;G225
Modest;G225
T- LOGEN 47;G226
T- DE EIK - GEEL;G227
De Eik Geel;G227
T- ESTATE 1801;G228
Estate 1801;G228
L - VAERENHOF;G229
L - DOCTOR;G230
L - HOOGVELD;G231
L - 't DORP;G232
L - GASTHUISBOSSTRAAT;G233
L - KAPELPLEIN;G234
L - EBENORA II;G235
L - WILLEM II;G236
L - DE BUSSER;G239
R - TORENZICHT 2;G240
L - EUROPAWIJK 6-12;G242
L - BOURG-LEOPOLD;G246
R - MARKUS;G250
Markus;G250
R - LICHTPUNT;G251
R - KATTESTRAAT 22;G252
E - DE LINDE;G254
L - RESIDENTIE 99;G255
E - PARKING DE LOFT;G256
Parking De Loft;G256
E - ZONNEWEELDE;G260
E - ACHTERBOS 2021;G263
R- ACHTERBOS 2021;G263
L - HERMELYN;G264
L - LYNX;G264
R - DE RODE AKKERS BEDRIJFSUNITS;G265
T- VIOLETTA;G267
Violetta;G267
E - WETERINGSTRAAT 1-3-5;G268
E - CAMPANIL;G270
L - DE MIJLPAAL;G277
E - DE DAMMEN;G278
E - DE HEI;G279
ZZ - DE HEI;G279
L - VOSSENBERG;G281
E - PARK LANE HASSELT FASE 3;G282
Park Lane;G282
*L* - STEENBERG;G284
L - STEENBERG;G284
E - ROMANO - BLOK A;G290
Romano Blok A;G290
E - ROMANO - BLOK B;G291
Romano Blok B;G291
E - ROMANO - BLOK C;G292
Romano Blok C;G292
E - ROMANO - HV;G293
Romano HV;G293
E - ROMANO - PARKEERVERDIEPING;G294
*E* - SINT PAULUSSTRAAT 62-64;G295
vereniging van mede-eigenaars gebouw te Mol, Sint-Paulusstraat 62-64;G295
E - SINT PAULUSSTRAAT 62-64;G295
R - SINT PAULUSSTRAAT 62-64;G295
E - DELA;G296
L - EUROPAWIJK 2-4;G297
*L* - ZANDBERG;G298
L - ZANDBERG;G298
*E* - HET KATERKE;G302
R - HET KATERKE;G302
*L* - REYCKMANS II;G304
Vereniging van mede-eigenaars Residentie Reyckmans II te Geel, Nieuwstraat 80-86;G304
L - REYCKMANS II;G304
*L* - GREENPARK;G306
Vereniging van mede-eigenaars gebouw te Mol, kapellestraat 41, Residentie Greenpark;G306
L - GREENPARK;G306
*T* - PASTORIJ;G307
T - PASTORIJ;G307
*L* - GLORIUS;G308
Glorius;G308
L - GLORIUS;G308
*T* - PAND 6;G311
T - PAND 6;G311
*E* - DE PAS (Pas 144);G312
E - DE PAS (Pas 144);G312
Prinsenplein-Blok A;G313
T - PRINSENPLEIN - BLOK A;G313
*T* - DE HEPPENAAR;G314
T - DE HEPPENAAR;G314
L - ELSUM;G315
Prinsenplein-Blok B;G316
T - PRINSENPLEIN - BLOK B;G316
*V* - VENAKKER;G319
Venakker;G319
*L* - RUE NEUVE;G320
L - RUE NEUVE;G320
*L* JOANNA - EMILIA;G321
L JOANNA - EMILIA;G321
*V* - MARTINUS;G322
Vereniging van mede-eigenaars van residentie MARTINUS;G322
L - MARTINUS;G322
Vereniging van Mede-eigenenaars Residentie Gemini I te 3500 Hasselt, hoek Koningin Astridlaan en Weyerstraat thans Burgemeester Bollenstraat;G323
*V*- GEMINI I;G323
Verenging van Mede-eigenaars Residentie Gemini II te 3500 Hasselt, aan de Weyerstraat thans Burgemeester Bollenstraat;G324
*V* - GEMINI II;G324
VERENIGING VAN MEDE-EIGENAARS VAN HET GEBOUW TE 2480 DESSEL TURNHOUTSEBAAN 31 RESIDENTIE EBENORA III;G325
*T* - EBENORA III;G325
T - EBENORA III;G325
Merijn;G330
L - MERIJN;G330
*T* - TER VOORDE;G343
Abelenstraat 32-34 (000015);H001
Abelenstraat 6 (000016);H002
Plaza Italia (000377);H003
De Dreef (000102);H004
Agra (000018);H005
Alverberg (000023);H006
Anicius (000028);H007
Ambassador (000026);H009
Arizona (000033);H010
Arnold Maesstraat (000034);H011
Wannes (000502);H012
De Brug Ham (000099);H013
Ecodroom blok A (handelsp. en vredeger) (000175);H014
Belisiahof I en II (000044);H015
Belvedere (000045);H016
Kerksteeg (000268);H017
De Bilter (000092);H018
Bleyen Hoeck (000052);H019
Boerenkrijg 13 (000054);H020
Roebben (000388);H021
Uilenspiegel (000572);H022
Heymberg (000237);H023
Boomgaerd (000056);H024
Albert (000019);H025
Bougainville (000059);H026
Brittney (000063);H027
De Brug (000098);H028
Carpe Diem (000068);H029
Casterhoven (000072);H030
Ohase D - Tropen (000350);H031
Kempische Steenweg 153 (000265);H032
Charme (000075);H033
Christine (000076);H034
Congostraat (000080);H035
Gebouwencomplex Hazelare - Heymberg (000205);H036
Villa 5 (000483);H037
Sint-Jan (000417);H038
Dima (000164);H039
Wonen aan het Water (000516);H040
Gouden Boog (000111);H041
Dorpstraat 28 Zonhoven (000171);H042
Eikenstraat 1 (000653);H043
Elzenstraat 17 (000187);H044
De Drieskes B (000104);H045
De Drieskes C (000105);H046
De Potaerde (000137);H047
Ecodroom Parkings (000178);H048
Misoni (000332);H049
Elzenstraat 4-6 (000188);H050
Elzenstraat 8-10-12 (000189);H051
Emiel Van Doren (000191);H052
Ohase C - Toendra (000349);H053
Windmolenstraat 48-50 (000510);H054
Gaerveld 1 (000203);H055
Gaerveld 2 (000204);H056
De Pastorij (000131);H057
Vereniging van mede-eigenaars van de residentie DE PASTORIJ te 3560 Lummen, Pastorijstraat 20-22-24;H057
De Gieterij (000109);H058
City (000078);H059
Greenfield (000209);H060
Carpe Diem I (000069);H061
Groeninge (000210);H062
Grote Markt Hasselt (000211);H063
Grote Markt St-Truiden (000212);H064
Grutman (000213);H065
Kempische Steenweg 140-142 (000264);H067
Harmoniestraat 23 - 25 (000221);H068
Kennedy (000266);H069
Hazelare - Heymberg garages (000225);H070
Hibiscus (000238);H071
De Drieskes A (000103);H072
Helstraat 4- (000231);H073
Hengelhoef Domein (000232);H074
Heppen Centrum (000233);H075
Kempenstraat 70 (000263);H076
Servaas Blok B3-B4 (000407);H077
Bresserpark (000062);H078
Servaas Blok B4+ (000408);H079
Zoutbrugstraat 19 (000525);H080
Zoutbrugstraat 21-23 (000526);H081
De Winning Hasselt (000156);H082
De Hessel;H083
Vereniging van mede-eigenaars Residentie De Hessel;H083
In De Rode Engel (000245);H084
Meidoornstaete (000324);H085
Cicero (000077);H086
De Kaai (000113);H087
De Kaai II (000114);H088
De Berg (000570);H089
Kapelhoek (000258);H090
Heidebloem Hazelaren (000227);H091
Kermeta (000269);H092
Parkeergarage Kerkplein (000368);H093
De Laurier (000119);H094
De Poort (000136);H095
Luikersteenweg 330 (000688);H096
Ter Meeuwen (000453);H097
De Kroon (000117);H098
Cypresstaete (000082);H099
Kempenheide (000262);H100
Kuringen;H101
Kuringen NIEUW (000283);H101
Kuringersteenweg 440 (000284);H102
Dorpveld II (000173);H103
Perron I (000373);H104
De Leest (000120);H105
Dorpsdreef;H106
Vereniging van Mede-eigenaars Residentie Dorpsdreef te 3520 Zonhoven, Dorpsplein;H106
De Linde (000122);H107
Luikersteenweg 23-25 (000311);H108
Zonnestraat 2 (000522);H109
Maabos (000312);H110
Marie Curie (000318);H111
Marie Curie C (000319);H112
Marie Curie 6-8;H113
Markt 13 (000320);H114
De Markt (000124);H115
Mercurius (000327);H116
Passerell (000130);H117
La Luna (000285);H118
Villa Meurkenshof (000486);H119
Villa Caritat (000484);H120
Mireille (000331);H121
Molenhof (000334);H122
Molenpoort (000335);H123
Muggenstraat 2A (000338);H124
Nachtegaal (000339);H125
Wisseveld (000513);H126
Nieuwe Kuilenweg;H127
Nieuwe Kuilenweg (000343);H127
Nysen-Paredis (000345);H128
Boscofin (000647);H129
Rosmolen;H130
Rosmolen (000657);H130
Zonnestraat 4 (000523);H131
Palladio (000360);H132
Zetellaan 63 (000519);H133
Djef Swennenstraat (000165);H134
Paradijs (000364);H135
Ohase B - Savanne (000348);H136
Halewijn (000219);H137
Peter Brueghel (000374);H138
Carpe Diem II (000070);H139
Gildehof (000692);H140
Gildehof;H140
Ohase Hoofdvereniging (000351);H141
Stegelveld (000441);H142
De Rederijker (000138);H143
Rhena (000383);H144
Urban Villa's A5 - A6 (000464);H145
Villa Leanne (000569);H146
De Miezerik (000126);H147
Royal Nord (000392);H148
Nanof (000340);H149
Boomkensstraat 112;H150
Salix (000399);H151
De Schacht (000141);H152
Sinterveld A (000421);H153
Sinterveld B (000422);H154
Sint Hubertus (000414);H155
Binnenhof Hasselt (000050);H156
Bloesemhof (000703);H157
Bloesemhof;H157
Le Bonheur (000294);H158
De Smeet (000142);H159
De Smis (000143);H160
Taxandria (000445);H161
Somville;H162
Som Ville (000427);H162
Sonnevanck Hasselt (000428);H163
Langblook (000289);H164
Hof Van Heers;H165
De Square Appartwoningen 1 (000146);H166
De Square Appartwoningen 2 (000147);H167
De Square Garages;H168
Vesta (000617);H169
De Notelaar (000850);H170
Vereniging van Mede-eigenaars Residentie Notelaar te 3500 Hasselt,  Notelarenstraat 7/Sint-Hubertusstraat 1;H170
Louwies (000309);H171
Steenweg 31-33 (000439);H172
't Klein Veld (000004);H173
Ohase - Waterwoningen (000346);H174
't Pleintje (000006);H175
Ter Elzen (000450);H176
Ter Gilles I (000451);H177
Ter Hoeven (000452);H178
Lucca (000310);H179
Sint-Hubertusstraat 37 - 39 (000416);H180
De Meldert (000125);H181
Roca (000386);H182
Casterhof (000071);H183
Trevia (000462);H184
Hasselt C (000224);H185
Tymeram (000463);H186
Van Caenegem (000466);H187
Van Veldeke 50 (000467);H188
Van Veldeke Hasselt (000468);H189
Van Veldeke Kermt (000469);H190
Veldmansberg- (000471);H191
Ventura (000472);H192
Berkenbos (000046);H193
De Vest (000149);H194
Elisabeth II (000186);H195
Via Palladio (000480);H196
Viola (000490);H197
Vlierlo (000494);H198
De Wieze (000154);H199
Ohase A - Steppe (000347);H200
Souffleur (000613);H201
Sportlaan (000432);H202
Den Waelvisch (000162);H203
Waerdenhof I (000501);H204
Begijnenpoel (000040);H205
Het Dorp Zonhoven (000002);H206
Domein Petersheim (000167);H207
Fendi;H208
Fendi (000195);H208
Waterloo II (000505);H209
Weyenburgh (000507);H210
De Winning (000155);H211
Winterheide (000511);H212
Lindeplein (000304);H213
Hollandsveld Garagecomplex (000241);H214
Zonnebloem (000521);H215
Zonneweelde (000524);H216
Zavelberg (000517);H217
De Mutsaerd (000128);H218
De Philippepoort 1 (000133);H219
De Philippepoort 1;H219
De Philippepoort 2 (000134);H220
Royale (000393);H221
Het Gruunhof (000585);H222
Servaas Blok A (000406);H223
Saffier (000395);H224
Sonnevank BREE (000429);H225
Hoefstad (000239);H226
Schutstraat (000405);H227
Sint Servatius (000415);H228
Kermeta Uitbreiding 1 (000270);H229
Boonaerts (000057);H230
Kermeta Uitbreiding 2 (000271);H231
Korspelhoef (000281);H232
De Dry Croonen (000106);H233
Ecodroom C1 (000598);H234
De Smisse B2 (000144);H235
Brusello XL;H236
Singapore (000412);H237
Het Pleintje (000236);H238
Victoria (000481);H239
Nieuwe Halveweg (000342);H240
't Duifhuis (000003);H241
De Brouwerij Fase II en III (000097);H242
Ecodroom blok ABIS (000176);H243
Ensor (000193);H244
Eikenstraat 3 (000185);H245
Maialis (000315);H246
Saint- Paul (000398);H247
Harpstraat 13 (000223);H248
Da Vinci (000083);H249
Bosweg (000058);H250
WNZ 170 (000515);H251
Klokkehof (000274);H252
Muggenstraat 40-48 (000574);H253
De Smisse C1 (000145);H254
Roma (000391);H255
VERENIGING VAN MEDE-EIGENAARS RESIDENTIE ROMA TE TURNHOUT KORTE VIANENSTRAAT 35;H255
Kampveld (000591);H256
VME Kampveld;H256
Kapittel;H257
Kapittel (000261);H257
Hovenstraat 28 (000244);H258
De Dageraad (000100);H259
Villa Gotha (000485);H260
Monte Nero (000578);H261
Hasluth;H262
Vereniging van Mede-eigenaars Residentie Hasluth te 3500 Hasselt, Toekomststraat 2/ Guffenslaan 25;H262
Meybroek (000589);H263
Schalbroekstraat (000402);H264
Servaas Garages (000409);H265
Bollen (000593);H266
Solier (000426);H267
Dorpstraat Hasselt (000172);H268
Victor (000601);H269
EMI (000190);H270
Vallau (000610);H271
Vangansen (000470);H272
Herestraat (000604);H273
Eersels 115-119 (000607);H274
Vesalius (000831);H275
Vesalius;H275
Den Tember (000606);H276
Aldestraat 15 (000020);H277
PetiteFleur (000608);H278
Domein Kasteel Nieuwenhoven (000166);H279
Rederijkerstraat (000614);H280
Plaza Portugal (000623);H281
Pallenhoven (000627);H282
Metropool (000638);H283
De Herk (000240);H284
Krokus (000636);H285
Domus (000168);H286
Catharina (000073);H287
Kruisveld (000637);H288
Ecodroom C2 (000177);H289
Hemmen (000654);H290
Bruyere (000661);H291
Calypso (000065);H292
Ten Eyck (000447);H293
Ta�ga (000674);H294
Ta?ga (000674);H294
Vlindersstraat (000495);H295
Zilverberkstaete (000520);H296
Woonerf Luca (000671);H299
Nopri (000835);H300
Vereniging van Mede-eigenaars Residentie Voorbouw Nopri te 3590 Diepenbeek, Wijkstraat 27-29-31;H300
Sint-Lucia (000419);H301
Hazelare (000826);H302
Hazelare;H302
Blue Lofts (000053);H303
Kasteel Nieuwenhoven Nieuw;H304
Domein Kasteel Nieuwenhoven (000166);H304
Hofeinde;H305
Brannekes;H306
Laro 2;H307
Asgard;H308
Vereniging van Mede-eigenaars Residentie Asgard te Tienen, hoek Gilainstraat en Waaibergstraat;H308
Georges;H309
Casa La Cantus;H310
Maria (000836);H311
Kempische Steenweg 308;H314
Molenveld (000336);L001
Tessenhof II;L002
Tessenhof II (000456);L002
Justus Lipsius (Overijse) (000254);L003
Blandenstraat 77- (000051);L004
blandenstraat 77;L004
Tela (000446);L005
Barbarahof D5 (000037);L008
Begijnhofschool (000043);L009
Breezes (000061);L010
Daphne (000085);L011
De Apotheek (000086);L012
De Latten (000118);L013
De Wandeleer (000152);L014
Lindepark (000303);L015
Fontane (000199);L016
Hageland (000218);L017
Kapitein Gilson (000260);L018
Kensington (000267);L019
Aurum (000619);L020
Lat 1 (000290);L021
Lat 3 (000291);L022
Lat 4 (000292);L023
Lat 5 (000293);L024
Leuvensesteenweg (000300);L025
Minnepoort (000330);L026
Oxford & Cambridge (000359);L027
Berkenhof (000579);L028
Den Tympel (000161);L029
Rio (000384);L030
Tiensestraat 94 (000461);L031
Tiensestraat 147 (garages)- (000460);L032
Vilvoorde - Steenvoorde (000489);L033
Gemeentestraat 246 (000206);L035
PIT (000375);L036
Roerstok I (000389);L037
Leigracht (000296);L038
Roerstok III (000390);L039
Laloux (000288);L040
Hombroeckx (000242);L041
Lido Paradiso (000670);L043
Lotus (000308);L044
De Vijvers (000150);L045
Saspark II (000401);L046
Haachtsesteenweg 508-510 (000217);L047
Haachtsesteenweg 506 (000216);L048
Edward Van Evenstraat 25 (000180);L049
Mathilde (000322);L050
Fontes II (000200);L051
Vriesenpoort (000498);L052
Edouard Remyvest (000179);L053
Ter Wilgen (000454);L054
Pegase (000372);L055
The Kwint (000459);L056
Steenweg op Nieuwrode (000440);L057
Interbellum (000246);L058
Vesalius - Gebouw A (000473);L059
Vesalius - Gebouw BCD (000474);L061
Vesalius - Gebouw GHI (000475);L062
Vesalius - Gebouw T (000477);L064
Vesalius - Hoofdvereniging (000478);L065
Vesalius - Ondergrondse parkings (000479);L066
't Witte Huis (000010);L067
4 Winden (000011);L068
Michelangelo (000328);L069
Marteau Longe 1 (000321);L070
Josephina (000251);L071
Corbie (000081);L073
Joly Vent (000250);L074
Vrouwley (000499);L075
Maarten (000313);L076
Leo (000298);L077
Mimosa (000329);L080
Lisette (000305);L081
Memling (000326);L082
Paulus (000371);L083
Saffranenbergstraat (000396);L084
Borgtstraat 14/16 (000577);L085
De Lelie assistentiewoningen (000121);L086
Justus Lipsius (Leuven) (000253);L087
Villa Rodez (000487);L088
Wijgmaalsesteenweg 14-18 (000508);L089
De Distillerie (000101);L090
Rector De Somerplein 3 (000382);L091
Ter Eiken (000691);L092
Ter Eiken;L092
Robijn (000385);L093
Panorama (leuven) (000362);L094
Halleboom Ofkoors (000220);L095
Princen (000378);L096
Leybeke (000301);L097
Flox Meadow (000198);L098
Vigo (000482);L099
Vlierbeekveld (000493);L100
Helleborus (000230);L101
Ferdinand Perdieusstraat 10 (000196);L102
Ligero (000603);L104
Petrushof II;L105
Egelantier Meadow (000841);L107
Egelantier Meadow;L107
Iris Meadow (000248);L108
Jasmijn Meadow (000249);L109
Hortensia Meadow (000243);L110
Sint - Hubertus (Tervuren) (000413);L111
Universe (000697);L112
Ralisbroek - (000379);L113
Cappellenhof (000067);L114
Het Molenhof (Holsbeek) (000235);L115
Stationsstraat 74 (000438);L116
Arboretum (000031);L117
Witte Toren (000514);L118
Saspark I (000400);L119
Tramlaan 87-89-91 (000624);L120
De Blijde (000096);L121
Sint-Maarten (000420);L122
't Broeck (000001);L123
De Gilden (000110);L124
Oasis (000698);L125
Cecile (000074);L126
De Weldaad (000153);L127
De Bakeleyn (000087);L128
Delvaux;L129
VME Delvaux  te Leuven, Donkerstraat 1;L129
Molen van Rotselaar (000333);L130
Sagane (000397);L131
Tervuren (000455);L132
Kamiel De Kelver (000257);L133
Arescot (000032);L134
Keyhof GAW  (000571);L136
Zilverwit blok A (000581);L137
Zilverwit blok B (000583);L139
Zilverwit blok C (000584);L140
De Lelie Meadow (000582);L141
Porta Lupina (000595);L142
Postkoets (000602);L143
Koetshof (000275);L143
Bierenbeek (000596);L144
Aqua Lova (000605);L145
Zilverwit blok D-E-F (000611);L146
Zilverwit Parkeergarages (000599);L147
Dagobert (000616);L148
't Pleintje (Duisburg) (000621);L149
La Fabrica;L150
Dorpsstraat 123 (000615);L151
Populierenhof (000626);L152
De Broek (000620);L153
Steenokkerzeelstraat (000832);L154
Aarschotsesteenweg 297 (000629);L155
Diestsestraat 97-99 (000633);L156
Diestsestraat 101 (000632);L157
Diestsestraat - Lepelstraat (000823);L158
Zilverwit Hoofdvereniging (000658);L159
Rigessel (000656);L161
Bottelarij Sluisstraat;L162
Wingerpark (000659);L163
Orleanshof (000660);L164
Flandrien (000668);L165
De Ierse (000663);L168
Arenberg (000662);L169
Jools (000839);L170
Jools (000839;L170
De Linde I & II (000665);L171
De Linde I en II;L171
't Convent - De Hopman (000677);L172
't Convent - De Jonker (000678);L173
't Convent - De Novice (000679);L174
't Convent - De Prefect (000680);L175
't Convent - Garagecomplex (000681);L176
't Convent - Hoofdvereniging (000682);L177
Felice (000667);L178
De Twaalf (000699);L179
Martin (000672);L180
De Torens - Garagecomplex (000702);L182
De Blijde Inkomst (000852);L187
De Blijde Inkomst;L187
Sarah (000834);L188
Sarah;L188
Andrea (000854);L189
VERENIGING VAN MEDE-EIGENAARS RESIDENTIE ANDREA TE BOUTERSEM LEUVENSESTEENWEG 347-349;L189
Albert I;L190
Sluismolen;L191
Concordia (000852);L195
Lebrun (000837);L196
Kruisboog (000838);L197
Karekiet;L205
Dahlia Meadow;L212
Vereniging van mede-eigenaars van het gebouw Residentie Hertogenpark blok 5 te 3001 Leuven (Heverlee), Hertogstraat 149;L217
E - DE BERK;R004
De Berk;R004
E - SUMMERSET;R051
E - DEN OEVER;R056
R - DEN OEVER;R056
E - DEN BEEMD;R068
Den Beemd;R068
E - HEERENBOS;R076
ZZ - HEERENBOS;R076
E - DE TUINEN VAN HERENTALS;R087
De Tuinen Van Herentals;R087
E - SASAARD;R089
E - KESSEL-DORP 71-73;R099
E - KEYSERSHOF;R100
E - PARKING GROTE MARKT LIER;R101
Parking Grote Markt Lier;R101
E - ZIMMER II;R102
E - ZIMMER I;R103
E - ANTWERPSESTEENWEG 167-169;R104
E - DE BEZEM;R106
E - DE PLANEET;R107
De Planeet;R107
E - SINT-JOZEF;R108
Sint Jozef;R108
E - DAGERAADSTRAAT 1-3-5;R109
Dageraadstraat 1-3-5;R109
E - DE EIK - LIER;R110
E - RAMSELSESTEENWEG;R111
Ramselsesteenweg;R111
R- RAMSELSESTEENWEG;R111
E - LINDEKENS;R112
E - 'T JUWEEL;R113
t Juweel;R113
E - DE ES;R114
E - FRISINE;R115
Frisine;R115
E - DE VAART;R116
De Vaart;R116
R - DE VAART;R116
E - SUIKERTORENHOF;R121
E - DE BEUK;R123
X- ZILVERVESTEN HOOFDVERENIGING;R126
Zilvervesten Hoofdvereniging;R126
X- ZILVERVESTEN BLOK B deelvereniging;R127
X- ZILVERVESTEN GARAGECOMPLEX deelvereniging;R128
Zilvervesten Garagecomplex deelvereniging;R128
E - D'OUDE POST;R138
ZZ - D'OUDE POST;R138
X- WOONERF JEF LEFLOT;R142
Woonerf Jef Leflot;R142
E - ANEMOON - 14;R146
R- ANEMOON - 14;R146
E - LOSTRAAT 40;R147
Lostraat 40;R147
T- DUNGELHOEFF PARKVILLA'S;R150
Dungelhoeff Parkvilla's;R150
T- VILLA LEMAN;R151
Villa Leman;R151
T- VILLA VAUTIER;R152
Villa Vautier;R152
T- ONDERGRONDSE PARKEERGARAGE DUNGELHOEFFSITE;R153
E - LAETITIA;R156
Laetitia;R156
E - HET COLLEGE;R160
T- VILLA ENGELEN;R161
Villa Engelen;R161
E - DE DUINEN;R164
E - DAGERAADSTRAAT 9;R165
UB - PULLOO;R169
Pulloo;R169
E - BERLAARSESTRAAT 44-46;R172
Berlaarsestraat 44-46;R172
E - ZONSTRAAT 44;R179
E - GROTE MARKT EIKELSTRAAT;R180
E - ANEMOON - 16;R197
R - ANEMOON - 16;R197
E - 'T PALLIETERSHOF;R211
R- 'T PALLIETERSHOF;R211
E - HET HOF - HV;R213
E - HET HOF - UNIT 2;R214
E - HET HOF - UNIT 3;R215
E - HET HOF - Ondergrondse garagebouw;R216
E - DE OLM;R224
V- VONCKIET I & II;R241
E - NEFFEST DE BEUNT;R243
E - BEDRIJVENPARK RUGGEVELD;R249
R - BEDRIJVENPARK RUGGEVELD;R249
V - VIANEN  (ROMA);R253
VERENIGING VAN MEDE-EIGENAARS RESIDENTIE ROMA TE TURNHOUT KORTE VIANENSTRAAT 35;R253
E - PIETER EN PAUWEL;R258
E - CATHARINA;R261
R- CATHARINA;R261
E - DE TOEKOMST;R262
E - MECHELSESTEENWEG 101 - 103;R269
Mechelsesteenweg 101-103;R269
E - ASTRID I;R271
E - LIERHOF;R272
E - LIERHOF BLOK 2 (Eeuwfeestlaan 205);R273
E - LIERHOF BLOK 1;R274
E - LIERHOF ONDERGRONDS GARAGECOMPLEX;R275
E - BEDRIJFSVERZAMELGEBOUW BERGEBEEK B01 EN B02;R276
E - HANDBOGENHOF;R280
Handbogenhof;R280
E - DE SMEDERIJ;R283
E - MECHELSESTEENWEG 235-241;R285
Mechelsesteenweg 235-241;R285
E - MECHELSESTEENWEG GARAGECOMPLEX;R286
E - DE COURTOIS (Kapelleveldstraat 61-63);R287
De Courtois;R287
E - GARAGES VAN BAERLANDT;R288
E - VAN BAERLANDT;R289
E - GARAGE BOOMLAARSTRAAT I;R299
E - GARAGE BOOMLAARSTRAAT II;R300
*E* - REYENHOF;R301
VME Reyenhof;R301
E - REYENHOF;R301
*E* - CENTRO;R305
E - CENTRO;R305
E - BEDRIJFSVERZAMELGEBOUW ABTSDREEF A-B;R306
E - SOLLEVELDEN 65 - 67;R310
E - REGENT;R317
*E* - AMARYLLIS;R318
E - AMARYLLIS;R318
Leon;R326
E - LEON;R326
Beregoed;R332
*T* - DOMEIN  BERENGOED;R332
Abelenstraat 6;H002
De Kaai;H087
De Rederijker;H143
Hoefstad;H226
Leyndecker 2;D131
Albert l;L190
Bierenbeek;L144
Catharina (Holsbeek) (000853);L198
Marteau Longe I;L070
Universe;L112
Warandepark (000503);A002
YOU;L221
Voghelensanck;L208
HOEK VIOLETSTRAAT - ELSUM;G139
HOOGLAND;G178
XANTENSTRAAT 40;G003
ACHTERBOS 2021;G263
ALEIDIS;G198
AMANDUS;G200
ASTRIDLAAN 23;G070
BEDRIJFSUNITS HEZEMEER;G194
BEDRIJVENCENTRUM SAS 8;G181
BELFAST;G081
BORIS;G020
BOURG-LEOPOLD;G246
BOVENRIJ 48;G173
BRESSERDIJK  11-13;G117
BRESSERDIJK 17 (Vilma);G157
CAMPANIL;G270
CAROLUS;G148
COOLS;G167
DE BIST;G080
DE BURCHT;G170
DE BUSSER;G239
DE DREEF;G037
DE EIK - GEEL;G227
DE GROENE EIKEN;G061
DE HEPPENAAR;G314
DE KASTELEIN;G145
DE KROON;G027
DE KRUIER;G097
DE LINDE;G254
DE MIJLPAAL;G277
DE MOLDER;G135
DE MUS;G132
DE PAS (Pas 144);G312
DE PASTORIE - GEEL;G066
DE PASTORIJ - LAAKDAL;G008
DE RODE AKKERS BEDRIJFSUNITS;G265
DE STEEN;G090
DELA;G296
DEN ACHTERSTEN MEY;G054
DEN DIJK;G340
DORP 38;G057
DR VANDEPERRESTRAAT;G019
EBENORA II;G235
EBENORA III;G325
ELSUM;G315
ELSUM 16;G032
ESAERT;G023
ESMOREIT;G163
EUROPAWIJK 2-4;G297
EUROPAWIJK 6-12;G242
FEHRENBACHSTRAAT 31-45;G071
GASTHUISBOSSTRAAT;G233
GEMINI I;G323
GEMINI II;G324
GEREBERNUS;G196
GERHAGEN;G088
GESTELSESTEENWEG 141;G073
GREENPARK;G306
GROTE MARKT 34;G072
GUESTHOUSE;G045
HELDENHOF;G137
HERENTHOUTSEWEG 59-61;G149
HERMELYN;G264
HET CENTRUM;G064
HET GROENE EILAND;G041
HET HEIKE;G047
HET KATERKE;G302
HET LAAR II;G040
HET WOONHOF BLOK 2;G185
HET WOONHOF BLOK 3 A;G186
HET WOONHOF BLOK 3 B;G187
HET WOONHOF BLOK 3 C;G188
HOOGVELD;G231
JADE;G048
JADE 2;G159
JOANNA - EMILIA;G321
KABIENE;G122
KABIENSTRAAT;G044
KAPELPLEIN;G234
KATTESTRAAT 22;G252
KLOOSTERSTRAAT 11;G182
LAARSHOEK;G079
LAVENDELHEIDE;G017
LEBON;G219
LERM;G052
LICHTPUNT;G251
LIERSE STEENWEG 26;G136
LOGEN 47;G226
LOOZE;G046
LUNA;G005
LYNX;G266
MARBER;G143
MARKTZICHT;G201
MARTINUS;G322
MEULEVELDHOEK;G013
MIDDENSTAND;G176
MISPAD;G002
MOESTOEMAATHEIDE BEDRIJFPARK;G014
MOLENHOF;G077
NEERSTRAAT 53;G069
OP 'T HOOGZAND;G209
OSSESTRAAT;G202
PALLO 2020;G204
PAND 6;G311
PARK LANE HASSELT FASE 3;G282
PAS 127-129 (DE PAS);G078
PAS 71/77 (CADOT);G094
PASTORIJ;G307
PLEKIJZER;G155
PORTUS;G063
PRINSENPLEIN - BLOK A;G313
PRINSENPLEIN - BLOK B;G316
PYRAMIDYS;G016
QUADRANT;G190
RECTOR DE RAMSTRAAT  2;G042
RESIDENCIA ARRIBA;G131
RESIDENTIE 99;G255
REYCKMANS I;G303
REYCKMANS II;G304
ROEPERSTRAATJE 1-7;G175
ROMANO - BLOK A;G290
ROMANO - BLOK B;G291
ROMANO - BLOK C;G292
ROMANO - HV;G293
ROMANO - PARKEERVERDIEPING;G294
ROOSENDAEL;G067
RUE NEUVE;G320
SINT PAULUSSTRAAT 62-64;G295
SINT PIETER HERENTHOUT;G203
SINT-JOZEF;R108
SMIDJE SMEE;G221
SOERLE PLUS;G189
STATION;G009
STATIONSSTRAAT 159 - GEEL;G130
STATIONSSTRAAT 33-35;G074
STEENBERG;G284
't ANKER;G140
't DORP;G232
't HOEKSKE;G010
't LAAR;G036
't POORTHUYS;G025
't PUNT;G162
't VELD;G034
't WOUWT;G012
TECHNISCHE SCHOOLSTRAAT;G053
TELESTO;G001
TEN BOSSE;G134
TER DONK;G093
TER SMIDSE;G120
TER VOORDE;G343
THOMAS;G212
TORENZICHT 2;G240
VAERENHOF;G229
VEERLESEWEG;G192
VELDHOVEN;G199
VELODROOMSTRAAT;G015
VIOLET;G038
VISPLUK 17 VORSELAAR BEDRIJFPARK;G207
VONCKIET I & II;R241
VOSSENBERG;G281
WAAIBURG;G124
WETERINGSTRAAT 1-3-5;G268
WILLEM II;G236
ZANDBERG;G298
ZILVERDORP;G191
ZONNEWEELDE (Runkstersteenweg 76);G260
DE VAART;R116
03SHIFT LIER BLOK C;R336
AMARYLLIS;R318
ANEMOON - 14;R146
ANEMOON - 16;R197
ANTWERPSESTEENWEG 167-169;R104
ASTRID I;R271
BEDRIJFSVERZAMELGEBOUW ABTSDREEF A-B;R306
BEDRIJFSVERZAMELGEBOUW BERGEBEEK B01 EN B02;R276
BEDRIJVENPARK RUGGEVELD;R249
CATHARINA;R261
CENTRO;R305
DAGERAADSTRAAT 9;R165
DE BEUK;R123
DE BEZEM;R106
DE COURTOIS (Kapelleveldstraat 61-63);R287
DE DUINEN;R164
DE EIK - LIER;R110
DE ES;R114
DE OLM;R224
DE SMEDERIJ;R283
DE TOEKOMST;R262
DEN OEVER;R056
DOMEIN  BERENGOED;R332
GARAGE BOOMLAARSTRAAT I;R222
GARAGE BOOMLAARSTRAAT II;R300
GARAGES VAN BAERLANDT;R288
GROTE MARKT EIKELSTRAAT;R180
HET COLLEGE;R160
HET HOF - HV;R213
HET HOF - Ondergrondse garagebouw;R216
HET HOF - UNIT 2;R214
HET HOF - UNIT 3;R215
KESSEL-DORP 71-73;R099
KEYSERSHOF;R100
LEUVENSEPOORT;R342
LIERHOF BLOK 1;R274
LIERHOF BLOK 2 (Eeuwfeestlaan 205);R273
LIERHOF HV;R272
LIERHOF ONDERGRONDS GARAGECOMPLEX;R275
LINDEKENS;R112
MECHELSESTEENWEG 101 - 103;R269
NEFFEST DE BEUNT;R243
ONDERGRONDSE PARKEERGARAGE DUNGELHOEFFSITE;R153
PIETER EN PAUWEL;R258
RAVENSLO;R333
REGENT;R317
REYENHOF;R301
SASAARD;R089
SOLLEVELDEN 65 - 67;R310
SUIKERTORENHOF;R121
SUMMERSET;R051
'T JUWEEL;R113
'T PALLIETERSHOF;R211
VAN BAERLANDT;R289
VIANEN  (ROMA);R253
ZIMMER I;R103
ZIMMER II;R102
ZONSTRAAT 44;R179
Residentie Brouwershaven;L209
Ecodroom ABIS (000176);H243
Ecodroom A (000175);H014
Dorenberg;000268
Ecodroom Parking (000178);H048
Co�me;H318
Willy;225
Hertogenpark Domein;000275
No�;H315
Petrushof Hoofdvereniging;214
Delorge Businesspark I (000651);H297
Schoonaerde;D088
Mi Casa;000200
Brabantshof (000060) (niet meer in beheer);D011
PHARMACIE;R339
LOKERENSTRAAT 86 -88;R331
03SHIFT LIER HV;R338
03SHIFT LIER ONDERGRONDSE PARKING;R337
03SHIFT LIER BLOK A;R334
03SHIFT LIER BLOK B;R335
Kempenheide - Trichterheide Garages;219
La Vida;H317
Op't Steent;H320
Rozendael;H316
Saffier;H224
Djef Swennestraat;H134
Wannes;H012
Brusello;H236
De Keyzer;D022
Alhambra;000278
Alverman;249
Andrea;L189
Archiv 0.1;228
Arcus;236
Artemis;000285
Astrid;L207
Bareel Appartementen Complex (000860);L203
Bareel Gebouw A (000856);L199
Bareel Gebouw B (000857);L200
Bareel Gebouw C (000858);L201
Bareel Gebouw D (000859);L202
Bareel Kelderverdieping (000861);L204
Belle Vue II;000282
Binnenhof Leuven;000286
Bredero;260
Brouwershaven;L209
Brouwmeester;268
De Mes;255
De Torens - Elias (000846);L183
De Torens - Nevis (000666);L166
De Torens - Zagros (000676);L167
Den Olm;L222
Den Tympel;L029
Den Tympel II (000843);L192
Edelweiss (000842);L194
Ella;256
Jordaens;234
Keyberg;000279
Mistral;000283
Mont� Domus;271
Oud Zwembad;206
Papenakker;L218
Park 51 Gebouw D;L219
Petrushof I;235
Poortvelden;269
Ramberghof;252
Route 68;000289
Schoolstraat;L223
Terra Verde;254
Vaartstraat;224
Cartijnenveld � Cartijnenveld B5;000288
Welvaart;000290
ASTER;270
DE MAALDERIJ;G360
DE NEERPOORT;G356
DE PASTORIE LAAKDAL- Meerlaarstraat;G008
DE PASTORIJ - LAAKDAL- Kapellestraat;G066
HARMONIE;G353
KAPELPLEIN FASE 2;G347
LEOPORT;G351
MINERVA;D125
MOLENSTRAAT;G355
OUDE MOLEN;G309
PASTORIJ - KASTERLEE - Melkstraat ;G307
SFERA;217
STEPHANIA;G352
THE OAK HOUSE;G348
VILLA PALLO;G328
VOORTHOEK;G346
CENTRE VILLE;R329
TORENZICHT NIJLEN;R341
WOONERF MARIEKE;R350
ZZ_DR VANDEPERREHOF;G174
DE RASOP;G059
ZZ_WETERINGSTRAAT 1-3-5;G268
PASTORIJ - KASTERLEE - Melkstraat;G307
ZZ_DELA;G296
MOLENSTRAAT GEEL;G355
ZZ_FRISINE;R115
TINEKE;R372
SWAEN;G354
YASMINE;G363
't DORP LAAKDAL;G232
SALIS;G370
PARK 'T BOSKE;G366
Geertrui;262
Esplanade I;000287
Hertogenpark fase 5 blok VI en VII (137);000129
Milda - Blok C;266
Milda- Blok B;265
Mechelsesteenweg 97-99;000292
Delorge Businesspark II (000652);H298
Kuringersteenweg 283;282
Milda - Blok A en Blok D;264
Studeopolis;279
Rhena;H144
Orange Lofts  (000352);D043
Capucien;289
Parc Du Soleil;284
Milda Hoofdvereniging;240
De Vilhoek;H321
Kapelhoek;H090
Jack (niet meer in beheer);000114
Binnenhof Uitbreiding;000143
Grote Markt Koning Albertstraat (000211);H063
Schuurmansbos (000590) (niet meer in beheer);D113
Aan de Markt;D003
De Keyzer (niet meer in beheer);D022
Flandrien (000668) (niet meer in beheer);L165
Halleboom Ofkoors (000220)(nietmeerinbeheer);L095
Lat 1;L021
Terra Verde (niet meer in beheer);254
Villa Rodez (000487) (niet meer in beheer);L088
Belisiahof I en II;H015
Harpstraat 13 (000223) (niet meer in beheer);H248
Milda Blok A en Blok D;264
ZZ_GROENVELD;G168
ZZ_HULSTERPARK;G060
ZZ_CENTRO;R305
R 285 MECHELSESTEENWEG 235 - 241;R285
KORENPLEIN HV;302
MOLENHOF MKH;311
VINKENHOF;000299
DAMN (SAMBER);314
MECHELSESTEENWEG 235 - 241;R285
ZZ_DE SMEDERIJ;R283
DE BEMME;322
HEULTJEDORP 17;G358
KLEIN BRUSSEL;323
Berkenbos (000046) (niet meer in beheer);H193
De Pastorij (000131) (niet meer in beheer);H057
ZZZ - Begijnenstraat 44 (000041) (niet meer in be);D008
ZZZ - Hombroeckx (000242)(niet meer in beheer);L041
Villa Aragone;000309
Park 51 - Zone A;258
KORENPLEIN A;301
STADSPOORT;342
ZZZ_CATHARINA (uit beheer);R261
LIERHOF BLOK 1 (Eeuwfeestlaan 203 + 207);R274
ZZ_DE TOEKOMST;R262
Donatello (000169);H324
Julianus;303
HUB01-02;340
Sixteen;349
NOOR;000323
't DORP WESTERLO;000295
PANNENHUIS;354
Spelver;000310
Ambachtenlaan 40;350
Cartijnenveld;000288
Schreurs;328
Coëme;H318
Taïga (000674);H294
De Ruïne (000140);D111
Campus Vital;261
Monté Domus;271
Cartijnenveld – Cartijnenveld B5;000314
Noë;H315
Jubilé (000252);D045
"Op""t Steent";H320
Statiestraat 15 – 17 (000435);D055
Kolmen (niet meer in beheer);D106
Arcus (niet meer in beheer);236
Kruisboog (000838) (niet meer in beheer);L197
Jef Denijn;000184
Woods (niet meer in beheer);229
Solier (000426) (niet meer in beheer);H267
PARK51 - Gebouw B (niet meer in beheer);246
Universe (niet meer in beheer);L112
Kasteel Nieuwenhoven Nieuw (niet meer in beheer);H304
Bloesemhof (000703) (niet meer in beheer);H157
t Kroontje, Beverlo (000444) (niet meer in beheer);D060
Cappellenhof (000067) (niet meer in beheer);000106
Kluisberg (000669) (niet meer in beheer);D123
Aquarius (000030) (niet meer in beheer);D081
ZZZ - Vlierbeekveld (uit beheer) (000493);L100
Villa Meurkenshof (000486)(niet meer in beheer);H119
Monte Nero (000578) (niet meer in beheer);H261
ZZZ Diestsestraat - Lepelstraat (000823) (niet me);L158
ZZZ - Bevrijdingsstraat 35 (000047) (niet meer in);D009
Veldmansberg- (000471) (niet meer in beheer);H191
Lotus (000308) (niet meer in beheer);L044
Hertogenpark fase 4 blok V (139);L216
Stationsstraat 74 (niet meer in beheer);L116
ZZZ - Kuringersteenweg 440 (000284) (niet meer in);H102
Cecile (000074) (niet meer in beheer);L126
De Schacht (000141) (niet meer in beheer);H152
Martin (000672) (niet meer in beheer);L180
Demerwoningen (000631) (niet meer in beheer);D116
Veldeken Hoofdvereniging;356
ZZZ - Catharina (Holsbeek) (000853) (niet meer in);L198
Schoolstraat (niet meer in beheer);L223
Kampveld (000591) (niet meer in beheer);H256
Dorpstraat Hasselt (000172) (niet meer in beheer);H268
Hertogenpark fase 1B Blok II (147);L214
Kempische steenweg 308;H314
De Blijde (000096) (niet meer in beheer);L121
De Gilden (000110) (niet meer in beheer);L124
Hertogenpark fase 2 blok III (143-145);L215
Guido Gezellestraat 11 (000594) (niet meer in behe;D079
De Ierse (000663) (niet meer in beheer);L168
Hertogenpark fase 1A blok I (149);L213
De Weldaad (000153) (niet meer in beheer);000135
Esplanade I (niet meer in beheer);000287
Ernest Claesstraat 2 (000194) niet meer in beheer;D094
De Mouterij (000127) niet meer in beheer;D024
Esplanade II-III (niet meer in beheer);259
Hertogenpark fase 3 blok IV (141);L217
Blandenstraat 77 (niet meer in beheer);L004
Kempenstraat 70 (000263) (niet meer in beheer);H076
De Square Garages (000148);H168
Remy Kantorencomplex;362
Felice (000667) (niet meer in beheer);L178
Helstraat 4- (000231) (niet meer in beheer);H073
Eikelenberg (000184) (niet meer in beheer);D069
Lebrun (000837) (niet meer in beheer);L196
Liemingen;353
't Broeck (000001) (niet meer in beheer);L123
Mantelius;000294
College House;358
Wijckmans 1-3;000304
Park-Lane (Herent);000151
VME YOU;L221
VME Schreurs;328
NOTENLAER;G119
VME (deelvereniging) gebouw A residentie Bareel te Kortenberg, Bareelplein 1;L199
Residentie Hertogenpark blok 5 (139);L216
Hertogenpark Blok 3 (143-145);L217
Hertogenpark Blok 6 & 7 (137);000129
Centre Ville;R329
R - LIERSVELD;G043
L - 'T DORP;G232
Torenzicht Nijlen;R341
Tineke;R372
De Draaiboom;000326
Residentie 21;306
R - TER DONK;G093
Residentie Luster;000327
R - ROEPERSTRAATJE 1-7;G175
Van Twembeke Anja;000045
De Vylder Paul;000060
Smolders Maarten;000044
Simons Patrick;000065
Dokter Isabelle Reyntjens Bv;000038
Cuypers Marie Lynn;000076
Baert Jan;000053
Nina Miladinovic;000328
Alexandra Criveanu;000329
Guo Yizuo;000330
Ayla Ermers;000331
Johan Vanaken;000332
Marianna Bartrick Krana;000333
Patrick Maina Ngibuini;000334
Semen Shmalko;000335
Bindiya Modhvadia;000336
Dakota Rebecca Lafaille;000338
Öykü Güleç;000337
Aboubacar Balde;000339
Jamila Majidova;000340
Jinggui Wang;000341
Cennet Inceoglu;000342
Hélène Kaddari Vergote;000343
Lotte Schoofs;000344
Huang Haorun;000345
Kaat Van Hoof;000346
Nys Roger;000347
RESIDENTIE EBENORA III;G325
Residentie Binnenhof Leuven;000286
VME Residentie Geertrui te Leuven, Mechelsestraat 155;262
ARTEBEAU BV;000348
Vereniging van mede-eigenaars Residentie JOANNA - EMILIA;G321
Residentie Astrid;L207
VME Residentie PARK 51 - Gebouw D te Herent, Persilstraat;L219
Residentie Dorpsdreef;H106
Residentie Teutonenpark;000322
"Residentie ""WONEN OP DE HEIDE""";000349
VME Veldeken Hoofdvereniging;356
Wuyts Robin;000018
Boncquet Jan;000039
Czarnitzki Dirk;000040
Derua Frans;000033
Griet Van Laethem;000067
Haentjens Gina;000020
Jurgen Asselberghs;241
O&S BV;281
Lieve Cappelle;000350
Li-Ren;000077
Michiels Eliane - Peeters André;000054
Mieke Demey;000068
Nele Weyens;000029
NV RBM Services BE 0456.432.411;000016
Peeters Christel;000049
Van Crombrugge Ethel;000073
Van Hemelrijck;000047
Van Molhem Sylvie;000069
Vanhoof Alice;000023
Walgraeve Daan;000059
Willems Rudi;000064
Bareel (hoofdvereniging);L203
Residentie College House;358
De Pastorij - Laakdal;G344
Residentie PARK 51 - zone A;258
VME Ramberghof te Leuven, Naamsestraat 58-60;252
VME te Leuven (Kessel-Lo), Martelarenlaan 71/73, Residentie Ella;256
Vereniging van mede-eigenaars van het gebouw Oud-Zwembad te 3000 Leuven, Hogeschoolplein 2;206
Residentie Mistral;000283
Leyndecker II;D131
Residentie Edelweiss;L194
"VME ""Residentie De Mes"" te Leuven (Kessel-Lo), Tiensesteenweg 77-87";255
VME Papenakker;L218
Viva Immo BV;000313
Molenstraat;G355
*T* - DOMEIN BERENGOED;R332
Residentie Damn;314
PARKING DE LOFT;G256
Residentie De Bemme Ooststatiestraat 56-58 te Kontich;322
R - MOESTOEMAATHEIDE;G014
Cennet Inceoğlu;000342
E - ZIMMER II;R102
L - HERMELYN;G264
Cartijnenveld – Cartijnenveld B5;000314
